store_id	fulfillment	subtotal	discount	service_fee	delivery_fee	tax	pretip_total
1150945	delivery	14.50	-3.63	0.99	0.00	0.65	12.51
1150945	pickup	14.50	-3.63	0.00	0.00	0.60	11.47
25060900	delivery	12.99	-3.25	0.99	0.00	0.59	11.32
25060900	pickup	12.99	-3.25	0.00	0.00	0.54	10.28
36042509	delivery	14.78	-7.39	0.99	0.00	0.46	8.84
34162385	delivery	26.18	-10.89	1.31	0.00	0.91	17.51
23460971	delivery	16.25	-3.25	0.99	0.00	0.77	14.76
28054150	delivery	11.75	0.00	2.99	0.49	0.84	16.07
658055	delivery	10.89	0.00	2.99	1.49	0.85	16.22
35842845	delivery	19.95	0.00	1.00	0.00	1.15	22.10
294406	delivery	21.58	0.00	1.08	0.00	1.25	23.91
23235357	delivery	20.00	0.00	1.00	0.00	1.16	22.16
31578047	delivery	15.50	-5.00	0.99	0.00	0.63	12.12
1189168	delivery	15.90	-3.18	0.99	0.00	0.75	14.46
289066	delivery	16.00	-3.20	0.99	0.00	0.76	14.55
288845	delivery	14.00	0.00	0.99	0.00	0.82	15.81
600627	delivery	17.80	-3.56	0.99	0.00	0.84	16.07
379439	delivery	23.90	0.00	1.20	0.00	1.38	26.48
379459	delivery	23.90	0.00	1.20	0.00	1.38	26.48
1150945	delivery	20.00	-5.00	1.00	0.00	0.88	16.88
294393	delivery	7.80	0.00	2.99	1.49	0.68	12.96
288863	delivery	7.99	0.00	2.99	0.99	0.66	12.63
40009833	delivery	7.99	0.00	2.99	0.49	0.63	12.10
25994411	delivery	8.00	0.00	2.99	0.49	0.63	12.11
379439	delivery	17.10	0.00	0.99	0.00	0.99	19.08
379459	delivery	17.10	0.00	0.99	0.00	0.99	19.08
658055	delivery	14.38	0.00	0.99	0.00	0.84	16.21
36042509	delivery	14.78	-7.39	0.99	0.00	0.46	8.84
34162385	delivery	19.58	0.00	0.99	0.00	1.13	21.70
800730	delivery	8.49	0.00	2.99	0.49	0.66	12.63
33449327	delivery	8.65	0.00	2.99	0.49	0.67	12.80
28087966	delivery	8.79	0.00	2.99	3.99	0.87	16.64
289082	delivery	8.95	0.00	2.99	0.49	0.68	13.11
31578047	delivery	7.00	0.00	2.99	0.49	0.58	11.06
606420	delivery	9.50	0.00	2.99	0.49	0.71	13.69
37487521	delivery	9.80	0.00	3.12	1.49	0.79	15.20
36042509	delivery	14.78	-7.39	0.99	0.00	0.46	8.84
34162385	delivery	33.74	0.00	1.69	0.00	1.95	37.38
34162385	delivery	26.18	-10.89	1.31	0.00	0.91	17.51
600627	delivery	8.90	0.00	2.99	0.49	0.68	13.06
288822	delivery	9.50	0.00	2.99	0.49	0.71	13.69
42411861	delivery	9.95	0.00	2.99	0.49	0.74	14.17
28042387	delivery	9.99	0.00	2.99	0.99	0.77	14.74
288850	delivery	9.99	0.00	2.99	0.49	0.74	14.21
289152	delivery	10.00	0.00	2.99	1.49	0.80	15.28
31014406	delivery	10.55	0.00	2.99	0.49	0.77	14.80
592083	delivery	10.75	0.00	2.99	0.49	0.78	15.01
36042509	delivery	14.78	-7.39	0.99	0.00	0.46	8.84
34162385	delivery	26.18	-10.89	1.31	0.00	0.91	17.51
656008	delivery	10.39	0.00	2.99	0.99	0.79	15.16
26182944	delivery	10.99	0.00	2.99	0.49	0.80	15.27
350727	delivery	11.00	0.00	2.99	0.99	0.82	15.80
23235357	delivery	10.00	0.00	2.99	0.49	0.74	14.22
288954	delivery	8.00	0.00	2.99	0.49	0.63	12.11
294393	delivery	11.64	0.00	2.99	1.49	0.89	17.01
30122514	delivery	10.53	0.00	2.99	0.49	0.77	14.78
605790	delivery	11.90	0.00	2.99	0.49	0.85	16.23
36042509	delivery	14.78	-7.39	0.99	0.00	0.46	8.84
34162385	delivery	26.18	-10.89	1.31	0.00	0.91	17.51
605790	delivery	12.50	0.00	0.99	0.00	0.74	14.23
23583656	delivery	14.62	0.00	0.99	0.00	0.86	16.47
1223844	delivery	11.00	0.00	2.99	0.49	0.80	15.28
288862	delivery	11.95	0.00	2.99	0.99	0.88	16.81
289134	delivery	17.95	0.00	0.99	0.00	1.04	19.98
36024959	delivery	16.98	-4.25	0.99	0.00	0.75	14.47
25994411	delivery	15.00	-3.75	0.99	0.00	0.67	12.91
36042509	delivery	14.78	-7.39	0.99	0.00	0.46	8.84
658055	delivery	14.38	0.00	0.99	0.00	0.84	16.21
25994411	delivery	16.00	-4.00	0.99	0.00	0.71	13.70
23583656	delivery	14.62	0.00	0.99	0.00	0.86	16.47
36024959	delivery	23.98	-6.00	1.20	0.00	1.05	20.23
34162385	delivery	19.58	0.00	0.99	0.00	1.13	21.70
1150945	delivery	20.00	-5.00	1.00	0.00	0.88	16.88
379439	delivery	17.10	0.00	0.99	0.00	0.99	19.08
36042509	delivery	14.78	-7.39	0.99	0.00	0.46	8.84
34162385	delivery	26.18	-10.89	1.31	0.00	0.91	17.51
23583656	delivery	10.82	0.00	2.99	0.49	0.79	15.09
36024959	delivery	11.99	0.00	2.99	0.49	0.85	16.32
23120774	delivery	8.00	-2.00	2.99	0.49	0.52	10.00
23120774	delivery	16.00	-4.00	0.99	0.00	0.71	13.70
30122514	delivery	8.19	0.00	2.99	0.49	0.64	12.31
45410997	delivery	7.08	0.00	2.99	0.49	0.58	11.14
40244017	delivery	10.99	0.00	2.99	0.49	0.80	15.27
36042509	delivery	14.78	-7.39	0.99	0.00	0.46	8.84
34162385	delivery	26.18	-10.89	1.31	0.00	0.91	17.51
25994411	delivery	16.00	-4.00	0.99	0.00	0.71	13.70
1150945	delivery	20.00	-5.00	1.00	0.00	0.88	16.88
23460971	delivery	32.90	-4.00	1.65	0.00	1.68	32.23
35596781	delivery	8.28	0.00	2.99	0.49	0.65	12.41
36042509	delivery	14.78	-7.39	0.99	0.00	0.46	8.84
658055	delivery	14.38	0.00	0.99	0.00	0.84	16.21
1150945	delivery	20.00	-5.00	1.00	0.00	0.88	16.88
23460971	delivery	19.40	-3.88	0.99	0.00	0.91	17.42
22969246	delivery	8.00	0.00	2.99	0.49	0.63	12.11
23120774	delivery	16.00	0.00	0.99	0.00	0.93	17.92
379439	delivery	17.10	0.00	0.99	0.00	0.99	19.08
42411861	delivery	9.95	0.00	2.99	0.99	0.77	14.70
45410997	delivery	14.16	0.00	0.99	0.00	0.83	15.98
36042509	delivery	14.78	-7.39	0.99	0.00	0.46	8.84
36042509	delivery	14.78	-7.39	0.99	0.00	0.46	8.84
1150945	delivery	20.00	-5.00	1.00	0.00	0.88	16.88
23460971	delivery	14.45	0.00	0.99	0.00	0.85	16.29
29865524	delivery	7.50	0.00	2.99	0.49	0.60	11.58
36042509	delivery	14.78	-7.39	0.99	0.00	0.46	8.84
1150945	delivery	20.00	-5.00	1.00	0.00	0.88	16.88
29865524	delivery	9.00	0.00	2.99	0.49	0.69	13.17
289182	delivery	7.19	0.00	2.99	1.99	0.67	12.84
1150945	delivery	20.00	-3.00	1.00	0.00	0.99	18.99
289182	delivery	13.68	0.00	0.99	0.00	0.81	15.48
36042509	delivery	14.78	-7.39	0.99	0.00	0.46	8.84
36042509	delivery	14.78	-7.39	0.99	0.00	0.46	8.84
35842845	delivery	14.95	0.00	0.99	0.00	0.88	16.82
289146	delivery	11.00	0.00	2.99	0.49	0.80	15.28
33138267	delivery	7.15	0.00	2.99	0.49	0.58	11.21
24474150	delivery	7.99	0.00	2.99	0.49	0.63	12.10
1150945	delivery	20.00	-3.00	1.00	0.00	0.99	18.99
379439	delivery	17.10	0.00	0.99	0.00	0.99	19.08
379459	delivery	17.10	0.00	0.99	0.00	0.99	19.08
36042509	delivery	14.78	-7.39	0.99	0.00	0.46	8.84
1150945	delivery	20.00	-3.00	1.00	0.00	0.99	18.99
379439	delivery	17.10	0.00	0.99	0.00	0.99	19.08
379459	delivery	17.10	0.00	0.99	0.00	0.99	19.08
40009833	delivery	7.99	0.00	2.99	0.49	0.63	12.10
22969246	delivery	8.00	0.00	2.99	0.49	0.63	12.11
35596781	delivery	8.28	0.00	2.99	0.49	0.65	12.41
24474150	delivery	12.99	0.00	0.99	0.00	0.77	14.75
288862	delivery	7.95	0.00	2.99	1.49	0.68	13.11
36042509	delivery	14.78	-7.39	0.99	0.00	0.46	8.84
36042509	pickup	11.98	0.00	0.00	0.00	0.66	12.64
1150945	delivery	20.00	-3.00	1.00	0.00	0.99	18.99
1150945	pickup	20.00	-3.00	0.00	0.00	0.94	17.94
22969246	delivery	8.00	0.00	2.99	0.49	0.63	12.11
22969246	pickup	8.00	0.00	0.00	0.00	0.44	8.44
28087966	delivery	8.79	0.00	2.99	3.99	0.87	16.64
28087966	pickup	8.79	0.00	0.00	0.00	0.48	9.27
606420	delivery	9.50	0.00	2.99	0.49	0.71	13.69
606420	pickup	9.50	0.00	0.00	0.00	0.52	10.02
379439	delivery	17.10	0.00	0.99	0.00	0.99	19.08
379459	delivery	17.10	0.00	0.99	0.00	0.99	19.08
28087966	delivery	8.79	0.00	2.99	3.99	0.87	16.64
28087966	pickup	8.79	0.00	0.00	0.00	0.48	9.27
31014406	delivery	10.55	0.00	2.99	0.49	0.77	14.80
31014406	pickup	10.55	0.00	0.00	0.00	0.58	11.13
36042509	delivery	14.78	-7.39	0.99	0.00	0.46	8.84
36042509	pickup	11.98	0.00	0.00	0.00	0.66	12.64
379439	delivery	17.10	0.00	0.99	0.00	0.99	19.08
379459	delivery	17.10	0.00	0.99	0.00	0.99	19.08
800730	delivery	16.98	0.00	0.99	0.00	0.99	18.96
800730	pickup	14.98	0.00	0.00	0.00	0.82	15.80
36042509	delivery	14.78	0.00	0.99	0.00	0.87	16.64
36042509	pickup	11.98	0.00	0.00	0.00	0.66	12.64
28087966	delivery	8.79	0.00	2.99	3.99	0.87	16.64
28087966	pickup	8.79	0.00	0.00	0.00	0.48	9.27
350727	delivery	11.00	0.00	2.99	1.49	0.85	16.33
350727	pickup	8.45	0.00	0.00	0.00	0.46	8.91
800730	delivery	16.98	0.00	0.99	0.00	0.99	18.96
800730	pickup	14.98	0.00	0.00	0.00	0.82	15.80
22969246	delivery	8.00	0.00	2.99	0.49	0.63	12.11
22969246	pickup	8.00	0.00	0.00	0.00	0.44	8.44
28087966	delivery	8.79	0.00	2.99	3.99	0.87	16.64
28087966	pickup	8.79	0.00	0.00	0.00	0.48	9.27
36042509	delivery	14.78	0.00	0.99	0.00	0.87	16.64
36042509	pickup	11.98	0.00	0.00	0.00	0.66	12.64
31014406	delivery	10.55	0.00	2.99	0.49	0.77	14.80
31014406	pickup	10.55	0.00	0.00	0.00	0.58	11.13
289146	delivery	11.00	0.00	2.99	0.49	0.80	15.28
289146	pickup	11.00	0.00	0.00	0.00	0.61	11.61
379439	delivery	17.10	0.00	0.99	0.00	0.99	19.08
379459	delivery	17.10	0.00	0.99	0.00	0.99	19.08
350727	delivery	11.00	0.00	2.99	1.49	0.85	16.33
350727	pickup	8.45	0.00	0.00	0.00	0.46	8.91
800730	delivery	16.98	0.00	0.99	0.00	0.99	18.96
800730	pickup	14.98	0.00	0.00	0.00	0.82	15.80
22969246	delivery	8.00	0.00	2.99	0.49	0.63	12.11
22969246	pickup	8.00	0.00	0.00	0.00	0.44	8.44
36042509	delivery	7.39	0.00	2.99	0.49	0.60	11.47
36042509	pickup	5.99	0.00	0.00	0.00	0.33	6.32
36042509	delivery	14.78	-7.39	0.99	0.00	0.46	8.84
28087966	delivery	8.79	0.00	2.99	3.99	0.87	16.64
28087966	pickup	8.79	0.00	0.00	0.00	0.48	9.27
31014406	delivery	10.55	0.00	2.99	0.49	0.77	14.80
31014406	pickup	10.55	0.00	0.00	0.00	0.58	11.13
379439	delivery	17.10	0.00	0.99	0.00	0.99	19.08
379459	delivery	17.10	0.00	0.99	0.00	0.99	19.08
36042509	delivery	14.78	-7.39	0.99	0.00	0.46	8.84
36042509	pickup	11.98	0.00	0.00	0.00	0.66	12.64
22969246	delivery	8.00	0.00	2.99	0.49	0.63	12.11
22969246	pickup	8.00	0.00	0.00	0.00	0.44	8.44
800730	delivery	16.98	0.00	0.99	0.00	0.99	18.96
800730	pickup	14.98	0.00	0.00	0.00	0.82	15.80
28087966	delivery	8.79	0.00	2.99	3.99	0.87	16.64
28087966	pickup	8.79	0.00	0.00	0.00	0.48	9.27
31014406	delivery	10.55	0.00	2.99	0.49	0.77	14.80
31014406	pickup	10.55	0.00	0.00	0.00	0.58	11.13
34162385	delivery	26.18	-10.89	1.31	0.00	0.91	17.51
379439	delivery	17.10	0.00	0.99	0.00	0.99	19.08
379459	delivery	17.10	0.00	0.99	0.00	0.99	19.08
